id;fecha;medio;autor;titulo;texto;grupo_comparacion;
1;2/11/2025;bbc;cristinaj.orgaz;el verdadero peligro de la inteleigencia artificial es la estupidez humana;"Es de noche y decides salir a cenar. Puede que tu pareja no sepa qué quieres comer, pero la inteligencia artificial sí: en la tarde te vio mirando videitos de tacos y tiene claro que ahora no puedes dejar de pensar en ello.

""Si no tomamos decisiones, otros lo harán por nosotros"", escribe la periodista y escritora española Laura G. De Rivera en su libro ""Esclavos del algoritmo: Manual de resistencia en la era de la inteligencia artificial"", fruto de años de investigación.

""Vivimos inmersos en pensamientos, deseos y sentimientos impuestos desde fuera porque resulta que los humanos somos bastante predecibles. Basta con aplicar la estadística a nuestras acciones pasadas, y es como si alguien nos leyera la mente"", continúa.

La finura en predecir cuáles son nuestras necesidades o deseos es tanta que Michal Kosinski, psicólogo y profesor de la Universidad de Stantford, demostró en sus experimentos que un algoritmo bien entrenado con suficientes datos digitales puede predecir qué quieres o qué cosas te gustan mejor que tu madre.

Que la inteligencia artificial pueda anticipar con altísima precisión los intereses de una persona, en principio, suena bien. Pero tiene un precio, dice De Rivera, y es alto: ""Perdemos libertad, perdemos la capacidad de ser nosotros mismos, perdemos imaginación"".


""Trabajamos gratis para Instagram subiendo nuestras fotos para que la red social exista y gane millones. Hay que ser consciente y aprovechar los beneficios de las plataformas sin que los riesgos te hagan daño"", dice.

Charlamos con De Rivera en el marco del Hay Festival que se celebra del 6 al 9 de noviembre en la ciudad peruana de Arequipa, un evento que reúne a 130 participantes de 15 países.

Línea gris de separación
Portada del libro ""Esclavos del algoritmo"" con letras en rojo. Fuente de la imagen,Penguin Random House
Pie de foto,""La información es poder. Y la carrera por hacerse con ella está desbocada"", escribe la autora.
¿Cuál es la solución para no ser esclavos del algoritmo?

Saltar Más leídas y continuar leyendo
Más leídas
Varios niños con secuelas de la exposición a la radiación
Los niños de Chernobyl en Cuba: la historia de los afectados por la catástrofe nuclear ocurrida hace 40 años que recibieron tratamiento en la playa de Tarará
Mujer embarazada
El inusual caso de la colombiana que quedó embarazada de dos hombres al mismo tiempo (y qué descubrieron los científicos que lo estudiaron)
Un montaje muestra a científicos en una instalación nuclear trabajando con un mortero enorme y con varias centrifugadoras.
Irán posee una reserva de uranio enriquecido, pero ¿podría utilizarla para fabricar un arma nuclear?
Alex Karp hablando en un foro. Tiene los brazos abiertos mientras le habla a la audiencia.
Palantir: ¿por qué causa preocupación el creciente poder global de la compañía de IA?
Final de Más leídas
Saltar Podcast y continuar leyendo
Logo del podcast Improbable sobre una foto de boda de una pareja
Improbable
El nuevo podcast de BBC Mundo sobre un amor que triunfó contra todo pronóstico

La solución que yo veo es muy sencilla, está al alcance de cualquier persona, es gratis y no tiene impacto medioambiental. Y es simplemente pensar. O sea, utilizar nuestro cerebro. Es una capacidad humana que está en desuso, se ha perdido.

Cada momento en el que no estamos trabajando o con gente, lo que hacemos es coger el teléfono y distraernos con la pantalla. Ya no pensamos en la sala de espera del médico ni cuando nos aburrimos en casa.

Esos espacios que teníamos para pensar están completamente ocupados ahora por una distracción continua. A través de nuestro smartphone recibimos un bombardeo de estímulos que no nos está dejando pensar.

Hay más cosas que se pueden hacer, pero a mí me parece esta la más básica y la más fácil. Solo el pensamiento crítico pueden defender la libertad individual frente al control algorítmico y la voluntad de terceros.

Es casi imposible no dar tus datos cuando te suscribes a una plataforma. Más complicado todavía leerse toda la letra pequeña de un servicio o rechazar las ""cookies"" cada vez entramos en una página web. ¿Nos hemos vuelto perezosos?

Somos un poco vagos y un poco marionetas, pero también nos falta la información.

Hay mucha gente que no entiende que cuando está pasando horas delante de TikTok, lo que está haciendo es trabajar gratis para la plataforma. Le das toda tu información de tu comportamiento online y esa información vale dinero.

Por eso es importante la educación, que es explicar cómo funciona el modelo de negocio de estas grandes plataformas.

¿Cómo es posible que Google sea una de las compañías más ricas del mundo si no nos cobra por su servicio? Reflexionar sobre esto es muy importante para que la gente entienda lo valiosísima que es toda la información que estamos dando sobre nosotros.

Un pequeño robot blanco de ojos grandes en el stand de la feria Maker Faire Roma.Fuente de la imagen,Getty Images
Pie de foto,""Decidir nos da mucho miedo y preferimos ser como robots y que nos digan qué hacer"", dice la periodista.
¿Cuál es el peligro de la inteligencia artificial?

En realidad, el verdadero peligro es la estupidez humana, porque a ti la inteligencia artificial no tiene por qué hacerte nada, son ceros y unos.

Lo que pasa es que nuestra pereza es tan grande que si nos dan las cosas hechas, pues mucho mejor. Todo esto nos coloca en una situación en la que somos más manipulables.

Vivimos en un adormecimiento generalizado de la voluntad. Nos resignamos ante la digitalización del sistema sanitario, la vigilancia masiva y la educación online de nuestros hijos. Asumimos las injusticias, los abusos y la ignorancia como cosas inevitables contra las que no podemos rebelarnos porque nos da pereza.

¿Cuáles podrían ser las consecuencias de confiar plenamente en las predicciones automáticas de un sistema algorítmico?

Cuando delegamos les decisiones importantes, que incluso pueden tener que ver con la vida y la muerte, el riesgo es muy grande, sobre todo porque hay estudios que demuestran que los humanos tendemos a pensar que si lo dice un ordenador, será verdad. Aunque nosotros pensemos distinto.

Entonces, ¿a quién le vas a dejar que decida? ¿A tu madre, a tu profesor, a tu jefe, a la inteligencia artificial? Este es un problema muy antiguo del ser humano y a mí me gusta mucho el libro el psicoanalista, sociólogo y miembro de la Escuela de Frankfurt Erich Fromm, ""Miedo a la libertad"", que está dedicado a esto, precisamente.

Fromm defiende que los seres humanos preferimos que nos digan qué tenemos que hacer, porque nos da pánico pensar que depende de nosotros. Decidir nos da mucho miedo y preferimos ser como robots y que nos digan qué hacer. Y esto ya lo decía Fromm a principios del siglo XX.

El centro de datos de inteligencia artificial Stargate en Abilene, Texas, EE. UU., con una parte ya construida y otra extensión de tierra lista para construir en ella. Fuente de la imagen,Getty Images
Pie de foto,Cada vez se necesitan centros de datos y otras infraestructuras más grandes para la inteligencia artificial.
¿Hay alguna forma de no dar nuestros datos online?

Claro que sí. Hay forma de no dar nuestros datos. Hay forma de dar lo justo. Pero lo principal es saber cómo funcionan las plataformas. Y entonces puedes tomar medidas.

Aunque solo sea para ponérselo un poco más difícil a los que comercian con tu vida y con tus datos. Puedes acostumbrarte a pequeñas acciones como rechazar las cookies al entrar en una página.

¿Qué más podemos hacer?

También podemos hablar de la necesidad de tener una regulación que nos proteja, de desarrollar la ética por parte de las empresas que utilizan inteligencia artificial.

Podemos hablar lo importante que es escuchar a los whistleblowers, a toda esa gente que está dentro, que conoce el sistema porque trabaja dentro de empresas como Google o Meta y que cuentan cosas. Escucharlos y protegerlos también cuando deciden hablar.

¿Te refieres al caso Edward Snowden, que sacó a la luz los sistemas de vigilancia masiva aplicados por las agencias de inteligencia estadounidenses?

Sí, Snowden es para mí es uno de los héroes de este siglo, pero hay más. El suyo es el caso más conocido.

También está Sophie Zhang, científica de datos de Facebook, despedida después de alertar internamente sobre el uso sistemático de cuentas falsas y bots por gobiernos y partidos políticos para manipular la opinión pública y sembrar el odio.

Zhang se dio cuenta de que en muchas partes del mundo, en América Latina, Asia, incluso algunos sitios de Europa, había políticos usando cuentas falsas, con seguidores que no existían, con likes y reenvíos imparables, para engañar a los ciudadanos y hacerles creer que contaban con un apoyo y una aceptación popular que no era cierta.

Vista del público tomando fotos con sus teléfonos móviles durante un conciertoFuente de la imagen,Getty Images
Pie de foto,Toda la complicada madeja de información sobre nuestra vida privada se guarda en grandes centros de datos.
Cuando informó a sus superiores del problema, comprobó asombrada que nadie quería hacer nada para solucionarlo.

Tardaron un año, por ejemplo, en borrar la red de seguidores falsos del entonces presidente de Honduras Juan Orlando Hernández, declarado culpable por el Tribunal Federal de Distrito en Nueva York de conspirar para importar cocaína a Estados Unidos y de posesión de ametralladoras.

En tu libro hablas también del caso de la ingeniera informática Timnit Gebru, codirectora del equipo de Ética de la inteligencia artificial de Google, que también fue despedida.

Sí, por denunciar que los algoritmos favorecen la discriminación racial y de género. Alertó de que los modelos grandes de lenguaje podían suponer un peligro, que la gente se podía creer que eran humanos y que podían manipular a las personas. A pesar de la carta de protesta por su despido firmada por más de 1.400 empleados de la compañía, se quedó en la calle.

Otro ""héroe del silbato"" es Guillaume Chaslot, exempleado de YouTube, quien descubrió que el algoritmo de recomendaciones empujaba sistemáticamente a los usuarios hacia contenidos sensacionalistas, conspiranoicos y polarizantes.

¿Qué esperanza nos queda?

Lo que sí sabemos seguro es que, haga lo que haga, un programa de software no puede aportar la más mínima dosis de creatividad para inventar opciones nuevas, es decir, no basadas en la estadística de datos pasados.

Tampoco podrá dar soluciones basadas en la empatía para ponerse en la piel de otro ni en la solidaridad para buscar la felicidad propia en la felicidad del prójimo.

Tres cualidades exclusivamente humanas por definición.";bbc;
2;22/4/2026;mit;mit;la ia necesita un solido tejido de datos para aportar valor empresarial;"""La inteligencia artificial avanza rápidamente en el ámbito empresarial, pasando de la experimentación al uso cotidiano. Las organizaciones están desplegando copilotos, agentes y sistemas predictivos en finanzas, cadenas de suministro, recursos humanos y operaciones con clientes. Para finales de 2025, la mitad de las empresas habrá utilizado IA en al menos tres funciones de negocio, según una encuesta reciente.
Pero a medida que la IA se integra en los flujos de trabajo centrales, los líderes empresariales están descubriendo que el mayor obstáculo no es el rendimiento del modelo o la capacidad de cómputo, sino la calidad y el contexto de los datos de los que dependen esos sistemas. La IA introduce esencialmente un nuevo requisito: los sistemas no solo deben acceder a los datos, sino que deben comprender el contexto empresarial que los sustenta. 
Sin ese contexto, la IA puede generar respuestas rápidamente pero aun así tomar la decisión equivocada, afirma Irfan Khan, presidente y director de producto de SAP Data & Analytics. 
""""La IA es increíblemente buena produciendo resultados"""", dice. """"Se mueve rápido, pero sin contexto no puede ejercer un buen juicio, y un buen juicio es lo que genera un reto o de la inversión para la empresa. La velocidad sin juicio no ayuda. De hecho, puede perjudica os.""""
En la era emergente de los sistemas autónomos y las aplicaciones inteligentes, esa capa de contexto es cada vez más esencial. Para aportar contexto, las empresas necesitan un tejido de datos bien diseñado que vaya más allá de la mera integración de datos, afirma Khan. El tejido de datos adecuado permite a las organizaciones escalar la IA de forma segura, coordinar decisiones entre sistemas y agentes, y asegurar que la automatización refleje prioridades empresariales reales en lugar de tomar decisiones de forma aislada. 
Conscientes de ello, muchas organizaciones están replanteándose su arquitectura de datos. En lugar de simplemente trasladar datos a un único repositorio, buscan formas de conectar información entre aplicaciones, nubes y sistemas operativos, preservando al mismo tiempo la semántica que describe el funcionamiento del negocio. Este cambio está impulsando un interés creciente en el data fabric como base para la infraestructura de IA.
La pérdida de contexto es un problema crítico para la IA
Las estrategias de datos tradicionales se han centrado en gran medida en la agregación. Durante las últimas dos décadas, las organizaciones han invertido fuertemente en extraer información de los sistemas operativos y cargarla en almacenes de datos, lagos de datos y cuadros de mando centralizados. Este enfoque facilita la ejecución de informes, la monitorización del rendimiento y la generación de conocimientos en toda la empresa, pero en el proceso, gran parte del significado asociado a esos datos —cómo se relaciona con políticas, procesos y decisiones del mundo real— se pierde. 

Pensemos en dos empresas que utilizan IA para gestionar las interrupciones en la cadena de suministro. Si una de ellas usa señales en bruto como los niveles de inventario, los plazos de entrega y las puntuaciones de suministro, mientras que la otra añade contexto a través de procesos de negocio, políticas y metadatos, ambos sistemas analizarán rápidamente los datos, pero es probable que lleguen a conclusiones diferentes. 

Información como qué clientes son cuentas estratégicas, qué compensaciones son aceptables durante los periodos de escasez y el estado de las cadenas de suministro extendidas permitirá a un sistema de IA tomar decisiones estratégicas, mientras que el otro no tendrá el contexto adecuado, afirma Khan. 

""""Ambos sistemas avanzan muy rápidamente, pero solo uno lo hace en la dirección correcta"""", afirma. """"Esto es el valor añadido del contexto y la ventaja que se obtiene cuando la base de sus datos preserva el contexto en todos los procesos, políticas y datos por diseño"""".

En el pasado, las empresas gestionaban implícitamente la falta de contexto porque expertos humanos proporcionaban la información faltante, pero con la IA, existe un déficit y eso crea graves limitaciones. Los sistemas de IA no solo muestran información; actúan sobre ella. Si un sistema no explica por qué los datos son importantes, un modelo de IA puede optimizar para el resultado equivocado. Los números de inventario, los historiales de pago o las señales de demanda pueden ser precisos, pero no revelan necesariamente qué clientes deben ser priorizados, qué obligaciones contractuales se aplican o qué productos son estratégicamente importantes. Como resultado, el sistema puede producir respuestas que son técnicamente correctas pero operacionalmente defectuosas.

Esta constatación está cambiando la forma en que las empresas conciben la preparación para la IA. La mayoría reconoce que no tiene implementados procesos de datos maduros ni una infraestructura madura para confiar en sus datos y en sus sistemas de IA. Solo una de cada cinco organizaciones considera que su enfoque de los datos es altamente maduro, y solo el 9% se siente totalmente preparado para integrar e interoperar con sus sistemas de datos.

No consolidar, integrar
La solución emergente es una malla de datos: una capa de abstracción que abarca infraestructura, arquitectura y organización lógica. Para la IA agéntica, la malla se convierte en la interfaz principal, permitiendo a los agentes interactuar con el conocimiento empresarial en lugar de con sistemas de almacenamiento en bruto. Los grafos de conocimiento desempeñan un papel central, permitiendo a los agentes consultar datos empresariales utilizando lenguaje natural y lógica de negocio.

El valor de la malla de datos reside en tres componentes: la computación inteligente para aportar velocidad; un repositorio de conocimiento para proporcionar comprensión y contexto empresarial; y agentes para ofrecer acción autónoma, la cual se fundamenta en dicha comprensión. Lo que lo hace potente es cómo estas capacidades trabajan conjuntamente, dice Khan.

La tecnología proporciona la arquitectura — una base que hace posible la comunicación y coordinación entre agentes. El proceso definirá cómo las empresas y el departamento de TI comparten la propiedad, y establecerá la gobe anza y una cultura en la que la gente confíe lo suficiente como para adoptarla. Ahora, las tres cosas deben funcionar conjuntamente para que una *data fabric* empresarial sea realmente exitosa.

""""Potencia decisiones seguras y coherentes, y cuando todos estos elementos se unen, la IA no se limita a analizar e interpretar los datos, sino que impulsa decisiones más inteligentes y rápidas que realmente generan un impacto empresarial"""", afirma. """"Esta es la promesa de un 'data fabric' de negocio cuidadosamente diseñado, donde cada parte refuerza a la otra y cada 'insight' se fundamenta en la confianza y la claridad.""""

Técnicamente, la construcción de una capa de 'data fabric' requiere varias capacidades. Los datos deben ser accesibles en múltiples ento os a través de la federación en lugar de una consolidación forzada. Se necesita una capa semántica o de conocimiento para armonizar el significado entre sistemas, a menudo apoyada por grafos de conocimiento y metadatos gestionados por catálogo. La gobe anza y la aplicación de políticas también deben operar a través del 'fabric' para que los sistemas de IA puedan acceder a los datos de forma segura y coherente.

En su conjunto, estos elementos sientan las bases para que la IA interactúe con el conocimiento de negocio, en lugar de con sistemas de almacenamiento de datos en bruto — un paso fundamental para transitar de la experimentación a una automatización empresarial efectiva.

Más allá del aislamiento de datos y los dashboards
En la era emergente de la IA agéntica, la responsabilidad de monitorizar, analizar y tomar decisiones basadas en datos recae cada vez más en el software. Los agentes de IA pueden monitorizar eventos, activar flujos de trabajo y tomar decisiones en tiempo real, a menudo sin intervención humana directa. Esa velocidad crea nuevas oportunidades, pero también aumenta lo que está en juego. Cuando múltiples agentes operan en finanzas, cadena de suministro, adquisiciones u operaciones de cliente, deben guiarse por la misma comprensión de las prioridades de negocio.

Sin una capa de conocimiento común que conecte datos dispares, la coordinación entre sistemas se rompe rápidamente. Un sistema podría optimizar el margen, otro la liquidez, y un tercero el cumplimiento normativo, cada uno operando con un segmento de datos diferente.

Es importante destacar que la mayoría de las empresas ya poseen gran parte del conocimiento necesario para que esto funcione, afirma Khan. Años de datos operativos, datos maestros, flujos de trabajo y lógica de políticas ya existen en las aplicaciones de negocio; las empresas solo necesitan hacerlos accesibles. Las compañías que implementan data fabrics ganan mayor confianza en sus datos, con más de dos tercios de las empresas observando una mejora en la accesibilidad y visibilidad de los datos, y ejerciendo un mayor control sobre ellos.

""""La oportunidad no es simplemente inventar contexto desde cero, sino activar y conectar el contexto que ya existe en toda tu empresa"""", continúa, añadiendo que un data fabric es la """"arquitectura que garantiza que la semántica de los datos, los procesos de negocio y las políticas estén conectados como un sistema unificado en todas las nubes"""".

Este contenido fue producido por Insights, la unidad de contenido personalizado de MIT Technology Review. No fue escrito por el equipo editorial de MIT Technology Review. Fue investigado, diseñado y redactado por escritores, editores, analistas e ilustradores humanos. Esto incluye la redacción de encuestas y la recopilación de datos para encuestas. Las herramientas de IA que pudieron haberse utilizado se limitaron a procesos de producción secundarios que pasaron una exhaustiva revisión humana.";mit;
3;2/5/2023;bbc;zoe kleiman y chris vallance;geoffrey hinton, el padrino de la ia, advierte de los peligros al dejar google;"Un hombre considerado por muchos como el padrino de la inteligencia artificial (IA) ha dimitido de su cargo, advirtiendo sobre los crecientes peligros derivados de los avances en este campo.

Geoffrey Hinton, de 75 años, anunció su dimisión de Google en un comunicado al New York Times, en el que afirmaba que ahora lamentaba su trabajo.

En declaraciones a la BBC, afirmó que algunos de los peligros de los chatbots con inteligencia artificial eran ""bastante aterradores"".

""Ahora mismo, por lo que puedo ver, no son más inteligentes que nosotros. Pero creo que pronto podrían serlo.""

El Dr. Hinton también reconoció que su edad influyó en su decisión de dejar el gigante tecnológico, y declaró a la BBC: ""Tengo 75 años, así que es hora de jubilarme"".

La investigación pionera del Dr. Hinton sobre redes neuronales y aprendizaje profundo ha allanado el camino para los sistemas de IA actuales como ChatGPT.

En inteligencia artificial, las redes neuronales son sistemas similares al cerebro humano en su forma de aprender y procesar información. Permiten que las IA aprendan de la experiencia, como lo haría una persona. Esto se conoce como aprendizaje profundo.

El psicólogo cognitivo e informático británico-canadiense declaró a la BBC que los chatbots pronto podrían superar el nivel de información que almacena un cerebro humano.


""Ahora mismo, lo que vemos es que programas como GPT-4 superan con creces a una persona en cuanto a conocimientos generales. En términos de razonamiento, no son tan buenos, pero ya realizan razonamientos sencillos"", afirmó.

""Y dado el ritmo de progreso, esperamos que las cosas mejoren bastante rápido. Así que debemos preocuparnos por eso.""

¿Está el mundo preparado para la inminente tormenta de la IA?
La IA podría afectar a 300 millones de empleos, según un informe.
BBC Reel: Por qué seguimos siendo más inteligentes que las máquinas.
En el artículo del New York Times, el Dr. Hinton se refirió a ""actores malintencionados"" que intentarían utilizar la IA para ""cosas malas"".

Cuando la BBC le pidió que explicara esto con más detalle, respondió: ""Este es simplemente el peor escenario posible, una especie de pesadilla"".

""Imaginen, por ejemplo, que algún malhechor como [el presidente ruso Vladimir] Putin decidiera dotar a los robots de la capacidad de crear sus propios subobjetivos.""

El científico advirtió que esto eventualmente podría ""crear subobjetivos como 'Necesito obtener más poder'"".

Añadió: ""He llegado a la conclusión de que el tipo de inteligencia que estamos desarrollando es muy diferente de la inteligencia que ya tenemos.""

""Nosotros somos sistemas biológicos y estos son sistemas digitales. Y la gran diferencia es que con los sistemas digitales, tienes muchas copias del mismo conjunto de pesos, el mismo modelo del mundo.""

""Y todas estas copias pueden aprender de forma independiente, pero comparten su conocimiento al instante. Es como si tuvieras 10.000 personas y, cuando una aprende algo, todos lo saben automáticamente. Así es como estos chatbots pueden saber mucho más que cualquier persona individual.""

Matt Clifford, presidente de la Agencia de Investigación e Invención Avanzada del Reino Unido, hablando a título personal, declaró a la BBC que el anuncio de la Dra. Hinton ""subraya el ritmo al que se están acelerando las capacidades de la IA"".

""Esta tecnología tiene un enorme potencial, pero es fundamental que el mundo invierta de forma importante y urgente en la seguridad y el control de la IA"", afirmó.

La Dra. Hinton se suma a un número creciente de expertos que han expresado su preocupación por la IA, tanto por la velocidad a la que se está desarrollando como por la dirección que está tomando.

'Necesitamos dar un paso atrás'
En marzo, una carta abierta, firmada conjuntamente por decenas de personas del sector de la IA , incluido el multimillonario tecnológico Elon Musk, pedía una pausa en todos los desarrollos más avanzados que la versión actual del chatbot de IA ChatGPT para poder diseñar e implementar medidas de seguridad sólidas.

Yoshua Bengio, otro de los llamados padrinos de la IA, quien junto con el Dr. Hinton y Yann LeCun ganó el Premio Turing 2018 por su trabajo en aprendizaje profundo, también firmó la carta.



El señor Bengio escribió que, debido a la ""aceleración inesperada"" de los sistemas de IA , ""necesitamos dar un paso atrás"".

Pero el Dr. Hinton declaró a la BBC que, ""a corto plazo"", creía que la IA aportaría muchos más beneficios que riesgos, ""así que no creo que debamos dejar de desarrollar estas tecnologías"", añadió.

También afirmó que la competencia internacional dificultaría una pausa. ""Aunque todos en Estados Unidos dejaran de desarrollarlo, China obtendría una gran ventaja"", dijo.

El Dr. Hinton también afirmó ser un experto en la ciencia, no en la política, y que era responsabilidad del gobierno garantizar que la IA se desarrollara ""teniendo muy en cuenta cómo evitar que se descontrolara"".

'Enfoque responsable'
El Dr. Hinton recalcó que no quería criticar a Google y que el gigante tecnológico había sido ""muy responsable"".

""En realidad quiero decir algunas cosas buenas sobre Google. Y son más creíbles si no trabajo para Google.""

En un comunicado, el científico jefe de Google, Jeff Dean, afirmó: ""Seguimos comprometidos con un enfoque responsable de la IA. Aprendemos continuamente a comprender los riesgos emergentes, al tiempo que innovamos con audacia"".



1:46
Mira: ¿Qué es la inteligencia artificial?
Es importante recordar que los chatbots de IA son solo un aspecto de la inteligencia artificial, aunque sean los más populares en la actualidad.

La IA está detrás de los algoritmos que determinan qué contenido deberías ver a continuación en las plataformas de streaming de vídeo. Se puede utilizar en la selección de personal para filtrar solicitudes de empleo, por las aseguradoras para calcular las primas y para diagnosticar afecciones médicas (aunque los médicos siguen teniendo la última palabra).

Lo que estamos presenciando ahora es el auge de la IAG (inteligencia artificial general), que puede entrenarse para realizar diversas tareas dentro de un ámbito determinado. Por ejemplo, ChatGPT solo puede ofrecer respuestas de texto a una consulta, pero, como estamos viendo, las posibilidades son infinitas.

Pero el ritmo de aceleración de la IA ha sorprendido incluso a sus creadores. Ha evolucionado drásticamente desde que el Dr. Hinton creó una red neuronal pionera para el análisis de imágenes en 2012.

Incluso el director de Google, Sundar Pichai, afirmó en una entrevista reciente que ni siquiera él comprendía del todo todo lo que hacía su chatbot de inteligencia artificial, Bard.

No se equivoquen, estamos en un tren a toda velocidad en este momento, y la preocupación es que algún día empiece a construir sus propias vías.";bbc;
4;13/8/2025;mit;caiwei chen;las universidades chinas quieren que los estudiantes utilicen mas la ia, no menos;"Ahora, sus profesores ya no advierten a los estudiantes sobre el uso de la IA. Al contrario, les animan a utilizarla, siempre y cuando sigan las buenas prácticas.

No es la única. Al igual que en Occidente, las universidades chinas están viviendo una revolución silenciosa. Según una encuesta reciente del Mycos Institute, un grupo de investigación sobre educación superior en China, el uso de la IA generativa en los campus se ha generalizado casi por completo. La misma encuesta revela que solo el 1 % del profesorado y el alumnado universitario en China afirma no haber utilizado nunca herramientas de IA en sus estudios o en su trabajo. Casi el 60 % afirmó utilizarlas con frecuencia, ya sea varias veces al día o varias veces a la semana.

Sin embargo, hay una diferencia crucial. Mientras que muchos educadores occidentales ven la IA como una amenaza que deben gestionar, en las aulas chinas se considera una habilidad que hay que dominar. De hecho, a medida que el modelo DeepSeek, desarrollado en China, gana popularidad en todo el mundo, la gente lo ve cada vez más como un motivo de orgullo nacional. El debate en las universidades chinas ha pasado gradualmente de preocuparse por las implicaciones para la integridad académica a fomentar la alfabetización, la productividad y la vanguardia tecnológica.

La brecha cultural es aún más evidente en la opinión pública. Un informe sobre las actitudes globales hacia la IA elaborado por el Instituto para la Inteligencia Artificial Centrada en el Ser Humano (HAI) de la Universidad de Stanford reveló que China lidera el mundo en entusiasmo. Alrededor del 80 % de los encuestados chinos afirmaron estar «entusiasmados» con los nuevos servicios de IA, en comparación con solo el 35 % en Estados Unidos y el 38 % en el Reino Unido.

«Esta actitud no es sorprendente», afirma Fang Kecheng, profesor de comunicaciones en la Universidad China de Hong Kong. «En China existe una larga tradición de creer en la tecnología como motor del progreso nacional, que se remonta a la década de 1980, cuando Deng Xiaoping ya afirmaba que la ciencia y la tecnología eran las principales fuerzas productivas».

De tabú a herramienta

Liu Bingyu, una de las profesoras de He en la Universidad de Ciencias Políticas y Derecho de China, afirma que la IA puede actuar como «instructora, compañera de brainstorming, secretaria y abogada del diablo». Este año, tras el impulso de la universidad para un uso «responsable y seguro» de la IA, añadió una sesión completa sobre directrices para la IA a su ciclo de conferencias.

Liu recomienda a los estudiantes que utilicen la IA generativa para escribir reseñas literarias, redactar resúmenes, generar gráficos y organizar ideas. Ha creado diapositivas en las que se muestran ejemplos detallados de buenas y malas indicaciones, junto con un principio básico: la IA no puede sustituir al juicio humano. «Solo una información de alta calidad y unas indicaciones inteligentes pueden dar buenos resultados», afirma.

«La capacidad de interactuar con las máquinas es una de las habilidades más importantes en el mundo actual», dijo Liu a sus alumnos. «Y en lugar de que los estudiantes lo hagan en privado, deberíamos hablar de ello abiertamente».

Esto refleja una tendencia creciente en todo el país. MIT Technology Review revisó las estrategias de IA de 46 de las principales universidades chinas y descubrió que casi todas ellas han añadido clases interdisciplinarias de educación general sobre IA, programas de grado relacionados con la IA y módulos de alfabetización en IA durante el último año. Tsinghua, por ejemplo, está creando una nueva facultad de educación general para formar a los estudiantes en IA junto con otra disciplina tradicional, como biología, salud, ciencias o humanidades.

Importantes instituciones como las universidades de Remin, Nanjing y Fudan han puesto en marcha cursos y programas de grado de acceso general sobre IA, abiertos a todos los estudiantes, y no reservados a los estudiantes de informática, como las clases tradicionales de aprendizaje automático. En la Universidad de Zhejiang, una clase introductoria a la IA será obligatoria para los estudiantes universitarios a partir de 2024.

Lin Shangxin, rector de la Universidad Renmin de China, declaró recientemente a los medios locales que la IA era una «oportunidad sin precedentes» para las humanidades y las ciencias sociales. «En lugar de un reto, creo que la IA potenciará los estudios de humanidades», afirmó Lin a The Paper.

La acción colectiva se hace eco de una iniciativa del Gobie o central. En abril de 2025, el Ministerio de Educación publicó unas nuevas directrices nacionales en las que se pedían reformas radicales de la «educación con IA», con el objetivo de fomentar el pensamiento crítico, la fluidez digital y las habilidades para la vida real en todos los niveles educativos. A principios de este año, el Gobie o municipal de Pekín (China) impuso la educación en IA en todas las escuelas de la ciudad, desde las universidades hasta la enseñanza primaria y secundaria.

Fang cree que una educación más formal en materia de IA ayudará a salvar la brecha emergente entre los estudiantes. «Existe una gran brecha en materia de alfabetización digital», afirma. «Algunos estudiantes dominan las herramientas de IA, mientras que otros están perdidos».

Creación de la universidad de IA

Ante la ausencia de herramientas occidentales como ChatGPT y Claude, muchas universidades chinas han comenzado a implementar versiones locales de DeepSeek en los servidores de sus campus para ayudar a los estudiantes. Muchas universidades de prestigio han implementado sus propias versiones de Deepseek alojadas localmente. Estos sistemas de IA específicos para cada campus, a menudo denominados «versión completa» de Deepseek, ofrecen ventanas de contexto más largas, rondas de diálogo ilimitadas y una funcionalidad más amplia que las versiones gratuitas disponibles al público.

Esto refleja una tendencia más amplia en Occidente, donde empresas como OpenAI y Anthropic están implantando niveles de educación en todo el campus: OpenAI ha ofrecido recientemente ChatGPT Plus de forma gratuita a todos los estudiantes universitarios de Estados Unidos y Canadá, mientras que Anthropic ha lanzado Claude for Education con socios como Northeaste y LSE. Sin embargo, en China, la iniciativa suele estar liderada por las universidades y no por las propias empresas.

El objetivo, según la Universidad de Zhejiang, es ofrecer a los estudiantes acceso completo a las herramientas de IA para que puedan mantenerse al día con la tecnología en rápida evolución. Los estudiantes pueden utilizar su identificación para acceder a los modelos de forma gratuita.

Yanyan Li y Meifang Zhuo, dos investigadoras de la Universidad de Warwick que han estudiado el uso de la IA por parte de los estudiantes en universidades del Reino Unido, creen que la educación en materia de IA se ha convertido en un factor crucial para el éxito de los estudiantes.

Junto con su colega Gunisha Aggarwal, llevaron a cabo grupos de discusión con estudiantes universitarios de diferentes orígenes y niveles para averiguar cómo se utiliza la IA en los estudios académicos. Descubrieron que los conocimientos de los estudiantes sobre cómo utilizar la IA provienen principalmente de la exploración personal. «Aunque la mayoría de los estudiantes entienden que los resultados de la IA no siempre son fiables, observamos mucha ansiedad sobre cómo utilizarla correctamente», afirma Li.

«El objetivo no debe ser impedir que los estudiantes utilicen la IA, sino guiarlos para que la aprovechen para un aprendizaje eficaz y un pensamiento de orden superior», afirma Zhuo.

Esa lección se ha aprendido poco a poco. Un estudiante de la Universidad Normal de China Central, en Wuhan, declaró a MIT Technology Review que, hace solo un año, la mayoría de sus compañeros pagaban por sitios web espejo de ChatGPT, utilizando VPN o mercados online semilegales para acceder a los modelos occidentales. «Ahora, todo el mundo utiliza DeepSeek y Doubao», afirmó. «Es más barato, funciona en chino y ya nadie se preocupa por que le marquen».

Aun así, a pesar del mayor apoyo institucional, muchos estudiantes se sienten preocupados por si están utilizando la IA correctamente o de forma ética. El uso de herramientas de detección de IA ha creado una economía sumergida informal, en la que los estudiantes pagan cientos de yuanes a autónomos que prometen que sus trabajos serán «a prueba de detección de IA», según un informe de Rest of World. Tres estudiantes declararon a MIT Technology Review que este ento o ha generado confusión, estrés y mayor ansiedad. En general, afirmaron que agradecen que sus profesores ofrezcan políticas claras y consejos prácticos, y no solo advertencias.

El estudiante de Derecho en Pekín (China), se ha unido recientemente a un grupo de desarrollo profesional para aprender más habilidades relacionadas con la IA y prepararse para el mercado laboral. Para muchos como él, comprender cómo utilizar mejor la IA no es solo un truco para estudiar, sino una habilidad necesaria en el frágil mercado laboral chino. Según un informe del medio de comunicación chino YiCai, el 80 % de las ofertas de empleo disponibles para recién graduados en 2025 incluían como requisito adicional conocimientos relacionados con la IA. En una economía en desaceleración y un mercado laboral competitivo, muchos estudiantes ven la IA como un salvavidas.

«Tenemos que replantea os qué se considera ""obra original"" en la era de la IA», afirma Zhuo, «y las universidades son un lugar fundamental para ese debate».";mit;
5;11/5/2023;bbc;Shin Suzuki;el profesor que fue llamado loco y alarmista por sus advertencias sobre la inteligencia artificil y que ha acertado en sus predicciones;"Algo increíble está sucediendo en el mundo de la inteligencia artificial, y no es del todo bueno"", escribió hace seis meses Gary Marcus, una de las principales voces en el debate sobre la IA en la actualidad.

A su juicio, el lanzamiento de ChatGPT nos lleva al ""momento Jurassic Park"" de las máquinas: la posibilidad —como en la película de Steven Spielberg— de que la situación se salga de control.

""Cuando escribí este artículo, creo que la gente pensó que estaba loco o que era alarmista"", dijo Marcus en una entrevista con la BBC.

Pero en 2023, empezaron a proliferar serios problemas con este tipo de inteligencia artificial: en marzo, en Bélgica, un hombre que hablaba frecuentemente con el chatbot Eliza, de la empresa Chai, se suicidó.

Asesinato por chatbot
El ""Terminator"" de James CameronFuente de la imagen,Getty Images
Pie de foto,Durante décadas, Hollywood se ha preguntado qué pasaría si la inteligencia artificial se saliera de control. La visión de James Cameron, en Terminator, es una de las más oscuras.
La esposa del hombre sostiene que el contacto con el programa lo llevó a quitarse la vida, y para el gobierno belga, el caso es ""un precedente que debe tomarse en serio"" y ""el peligro del uso [de la inteligencia artificial] es una realidad que debe ser considerada"".

Publicidad

Era un escenario posible descrito cuatro meses antes por Marcus en un artículo para la revista Wired: ""¿Quizás un chatbot lastimará a alguien tan profundamente que la persona se verá impulsada a terminar con su vida? (...) En 2023, podemos ver nuestro primer asesinato por un chatbot"".

""Creo que estos sistemas pueden ser muy destructivos. Y parte de la razón del potencial de destrucción es que no son confiables. Estos programas pueden inventar algo y decirle [al usuario] que es un hecho. Y también pueden ser usados por personas para ese fin"", dice Marcus.

""Los sistemas de inteligencia artificial que tenemos ahora no están bien controlados. Todavía no es una situación terrible, pero la gente les está dando cada vez más poder. Y no sabemos qué pueden hacer esos sistemas en una situación determinada"".

Saltar Más leídas y continuar leyendo
Más leídas
Varios niños con secuelas de la exposición a la radiación
Los niños de Chernobyl en Cuba: la historia de los afectados por la catástrofe nuclear ocurrida hace 40 años que recibieron tratamiento en la playa de Tarará
Mujer embarazada
El inusual caso de la colombiana que quedó embarazada de dos hombres al mismo tiempo (y qué descubrieron los científicos que lo estudiaron)
A Lufthansa Aircraft landing at Mexico City Airport
Lufthansa cancela 20.000 vuelos previstos para los próximos meses ante el alza de los precios del combustible
Un montaje muestra a científicos en una instalación nuclear trabajando con un mortero enorme y con varias centrifugadoras.
Irán posee una reserva de uranio enriquecido, pero ¿podría utilizarla para fabricar un arma nuclear?
Final de Más leídas
Siete predicciones sombrías
Una proyección especial de 2001: Odisea en el espacio.Fuente de la imagen,Getty Images
Pie de foto,Uno de los retratos más personales de una inteligencia artificial salida de control es el que hizo Stanley Kubrick, en 1969 con ""2001: Odisea en el espacio"".
El año pasado, Marcus compiló ""siete predicciones nefastas"" sobre sistemas como ChatGPT, incluida que la versión más nueva del programa sería como un ""toro en una tienda de porcelana, imprudente y difícil de controlar"".

""Cometerá una cantidad significativa de errores alucinantes, en formas que son difíciles de predecir"".

A fines de marzo, un caso extraño llamó la atención de los medios. Una persona le pidió a ChatGPT que nombrara a académicos involucrados en acoso sexual.

La lista mencionaba a un profesor de derecho estadounidense, Jonathan Turley. El programa dijo que Turley hizo comentarios sexualmente sugerentes a una estudiante durante un viaje a Alaska y trató de tocarla. En la respuesta se citaba como evidencia un informe de 2018 del Washington Post.

Pero nada de eso pasó: ni el viaje, ni el informe ni siquiera la acusación. Es como si el robot hubiera inventado la acusación.

Creando información poco precisa
Un grafitti en las calles de VarsoviaFuente de la imagen,Getty Images
Pie de foto,""¿Podría una frase de IA convertirse en la próxima sabiduría callejera?""
OpenAI, la empresa detrás de ChatGPT, emitió un comunicado diciendo que el programa ""no siempre genera respuestas precisas"".

Para Marcus, ""no tenemos ninguna garantía formal de que estos programas funcionen correctamente, incluso cuando hacen cálculos matemáticos"".

""A veces son correctos, a veces no. La falta de control y fiabilidad son problemas que veo"".

""Tu calculadora tradicional tiene garantizada una respuesta aritmética. Pero los grandes modelos de lenguaje no la tienen"".

Se refiere al sistema detrás de ChatGPT, los LLM (modelos de lenguaje grande), que almacenan cantidades ingentes de datos y generan, a través de potentes algoritmos, respuestas de aproximación basadas en lo que ya han dicho los humanos.

En resumen: un loro ultrasofisticado, pero que no tiene idea de lo que está hablando y, a veces, ""alucina"", un término de la IA que designa una respuesta fuera de lo común, fuera de línea con las expectativas de los programadores.

Imagen de un grupo de investigadores que reveló el video falso de Volodymyr Zelensky.Fuente de la imagen,Getty Images
Pie de foto,Los ""deepfakes"" o videos falsificados, también han visto mejorías con la IA. En este video falso de enero, el presidente de Ucrania Volodymyr Zelensky aparece diciendole a las tropas ucranianas que abandonen las armas.
""Los LLM no son tan inteligentes, pero son peligrosos"", dice Marcus, quien también incluyó el aumento de los momentos alucinatorios de la IA en su lista de ""predicciones oscuras"".

Además de los generadores de texto, los programas que manipulan imágenes también evolucionan rápidamente.

Recientemente, una foto del papa Francisco con una chaqueta plateada, realizada con el programa Midjourney, dejó confundido a internet por unas horas: ¿era real esa imagen?

El episodio tuvo consecuencias inofensivas, pero fue una muestra del potencial para marcar el comienzo de una zona gris permanente entre los hechos y las falsificaciones.

""Si no tomamos medidas, estamos cerca de entrar en un ambiente de posverdad"", dice el profesor de la Universidad de Nueva York.

""Eso hace que todo sea muy difícil para la democracia. Necesitamos sanciones para quienes produzcan desinformación masiva, exigir marcas de agua para identificar de dónde proviene la información y crear nuevas tecnologías para detectar falsedades. Así como hay un programa antivirus, necesitamos un software antidesinformación"".

""El capitalismo no resolverá estos problemas""
Un modelo de prueba de un vehículo autonomo en Santa Barbara, California.Fuente de la imagen,Getty Images
Pie de foto,La integración de la IA con nuevas tecnologías -como los autos eléctricos, los sistemas de GPS y sensores de movimiento- está siendo sometida a pruebas en los autos sin piloto.
Marcus, de 53 años, no se restringe al mundo académico. Le vendió una empresa a Uber y se convirtió en director de un laboratorio del departamento de inteligencia artificial del gigante de las aplicaciones de transporte. Dejó el cargo después de solo cuatro meses, en un momento en que la compañía enfrentaba acusaciones de mantener un entorno ""tóxico"".

Cuando se le consultó sobre si creía que el famoso mantra de Silicon Valley ""muévete rápido y rompe cosas"" y la competencia desenfrenada por los mercados fomentaban circunstancias peligrosas para el desarrollo de la inteligencia artificial, dice que ""no es posible esperar que el capitalismo, por sí mismo, vaya a resolver estos problemas"".

Defiende que las empresas están sujetas a regulación y cita el mercado de la aviación como ejemplo de que es algo necesario.

""La industria de las aerolíneas en la década de 1950 era un desastre. Los aviones se estrellaban todo el tiempo. La regulación era buena para la industria de las aerolíneas. Al final hizo que la industria de las aerolíneas desarrollara un mejor producto"", dice.

""Dejar las cosas a las empresas no conduce necesariamente en la dirección correcta... Hay una razón para que existan los gobiernos, ¿verdad?"".

Entendimiento con el ""padrino de la IA""

Geoff HintonFuente de la imagen,University of Toronto
Pie de foto,A Geoff Hinton le llaman ""el padre del aprendizaje profundo"".
La postura de cautela y de entusiasmo con desconfianza de Marcus por la rápida evolución de la IA no siempre sido bien recibida.

Su escepticismo ha sido objeto de burlas años atrás por parte de sus compañeros (principalmente en Twitter), pero la marea ha cambiado: varias personalidades en el campo de la IA han comenzado a adoptar un tono diferente.

Jeffrey Hinton, llamado el ""padrino de la IA"", anunció su salida de Google y dijo poco después que considera que los problemas de la inteligencia artificial son ""quizás más urgentes que los del cambio climático"".

""Hinton y yo tenemos puntos de vista diferentes sobre algunos aspectos de la inteligencia artificial. Mantuve correspondencia con él hace un tiempo, le expliqué mi posición y estuvo de acuerdo conmigo, lo cual no siempre es el caso. Pero el tema principal en el que estamos de acuerdo es el del control"", dice.

""No estoy necesariamente de acuerdo con que la [IA] sea una amenaza mayor que el cambio climático, pero es difícil saberlo. Hay muchos datos disponibles para tratar de estimar los riesgos del cambio climático. Pero con la inteligencia artificial ni siquiera sabemos cómo calcular esos riesgos"".

""Pero para mí, la posibilidad de que estas herramientas se utilicen para socavar las democracias es esencialmente del 100%. Ahora, no sabemos si existe la posibilidad de que los robots se apoderen del planeta. Es razonable que algunas personas se planteen en este escenario. Estamos construyendo herramientas muy poderosas. Debemos considerar estas amenazas"".";bbc;
6;21/4/2025;mit;will douglas heaven;como la ia puede ayudar a potenciar la creatividad;"Bajo una luz tenue y rosada, un pequeño grupo personas se acomodó en silencio. Entonces, Wilson se sentó y comenzó a programar.

Los altavoces emitían clics y silbidos tecno. El público observaba, mientras asentía con la cabeza, cómo Wilson tecleaba el código en la pantalla proyectada, línea por línea. Modificaba los sonidos, ponía ritmos en bucle y se expresaba con mala cara cuando se equivocaba.   

Wilson es una ""live coder"". En lugar de utilizar software específico, como la mayoría de los productores de música electrónica, los live coders crean música escribiendo el código para generarla sobre la marcha. Se trata de un arte escénico improvisado conocido como ""algorave"".  

""Es aburrido ir a un espectáculo y ver a alguien sentado en su portátil"", dice. ""Puedes disfrutar de la música, pero falta el lado performativo. Con la codificación en directo, todo el mundo puede ver lo que estoy tecleando. Y cuando una vez se me cuelga el portátil, a la gente le gusta mucho. Se ponen a aplaudir"". 

Asumir riesgos forma parte del ambiente. Por eso, a Wilson le gusta subir un nivel más en sus actuaciones recurriendo a lo que ella llama un agente de codificación en directo, un modelo generativo de inteligencia artificial que crea sus propios ritmos y bucles para añadirlos a la mezcla. A menudo, el modelo sugiere combinaciones de sonidos en las que Wilson no había pensado. ""Tienes elementos sorpresa"", dice. ""Sólo tienes que ir a por ello"". 

[caption id=""attachment_1114508"" align=""alignnone"" width=""1198""]Dos artistas en una mesa con un gato de desaprobación cubierto de código en una pantalla detrás de ellosAdela Festival[/caption]

Wilson, investigadora del Creative Computing Institute de la Universidad de las Artes de Londres (Reino Unido), es una de los muchos que trabajan en lo que se conoce como cocreatividad o creatividad más humana. La idea es que la IA pueda utilizarse para inspirar o criticar proyectos creativos, ayudando a las personas a hacer cosas que no habrían hecho por sí mismas. Ella y sus colegas crearon el agente de codificación en vivo para explorar cómo puede utilizarse la inteligencia artificial para apoyar los esfuerzos artísticos humanos; en el caso de Wilson, la improvisación musical. 
Es una idea que va más allá de lo que prometen hoy las herramientas generativas de empresas como OpenAI o Google DeepMind. Sí, estas tecnologías pueden automatizar un montón de tareas creativas y da os resultados casi al instante... pero, ¿a qué precio? Algunos artistas e investigadores temen que nos conviertan en consumidores pasivos de más y más contenido generado por IA, sin alma ni profundidad. 

Por eso buscan formas de devolver la creatividad humana al proceso. El objetivo es desarrollar herramientas de inteligencia artificial que aumenten nuestra creatividad en lugar de despoja os de ella -impulsándonos a ser mejores componiendo música, desarrollando juegos, diseñando juguetes y mucho más- y sentar las bases de un futuro en el que humanos y máquinas creen cosas juntos. 

En última instancia, los modelos generativos podrían convertirse en una nueva forma de expresión para artistas y diseñadores, desafiándolos a crear cosas que antes eran impensables. Incluso podrían darle a cualquiera una especie de “superpoder creativo”. 

Explosión de creatividad 

No hay una única forma de ser creativos, pero lo somos todos. Creamos de todo: desde memes hasta obras maestras, desde los primeros garabatos de la infancia hasta diseños industriales. Existe una idea equivocada—sobre todo entre adultos—de que la creatividad es algo que se pierde con el tiempo. Ser creativos—ya sea cocinando, cantando en la ducha o armando TikToks rarísimos—es algo que la mayoría seguimos haciendo, simplemente por diversión. No tiene que ser arte elevado ni una idea que cambie el mundo (aunque podría serlo). La creatividad es un comportamiento humano básico, y deberíamos celebrarlo y fomentarlo. 

Cuando llegaron los modelos generativos de texto a imagen, como Midjou ey, DALL·E de OpenAI o el popular Stable Diffusion de código abierto, provocaron una explosión de lo que parecía ser pura creatividad. De repente, millones de personas podían crear imágenes sorprendentes de casi cualquier cosa y en cualquier estilo, con solo hacer clic en un botón. Luego aparecieron los modelos de texto a video. Y ahora, start-ups como Udio están desarrollando herramientas similares para crear música. Nunca antes el acto de crear había estado al alcance de tantas personas. 

Pero para muchos investigadores y artistas, el entusiasmo que rodea a estas herramientas ha distorsionado la idea de lo que realmente significa ser creativo. ""Si le pido a una IA que cree algo por mí, eso no es ser creativo"", explica Jeba Rezwana, experta en cocreatividad en la Universidad de Towson (Maryland, EE UU). ""Es una interacción de una sola vez: haces clic, se genera algo y ya está. No puedes decir ‘me gusta esta parte, pero cambia un poco esto otro’. No se puede tener un diálogo de ida y vuelta"".  

Rezwana se refiere a la forma en que están diseñados la mayoría de los modelos generativos. Es cierto que puedes darles indicaciones y pedirles que lo intenten de nuevo, pero cada nuevo resultado se genera desde cero, lo que dificulta conseguir exactamente lo que tenías en mente. Como dijo el cineasta Walter Woodman el año pasado, después de que su colectivo artístico Shy Kids hiciera un cortometraje usando el modelo de texto a video de OpenAI por primera vez: “Sora es como una máquina tragamonedas—nunca sabes bien qué te va a devolver”. 

Es más, las últimas versiones de algunas de estas herramientas generativas ni siquiera utilizan el mensaje enviado tal cual para producir una imagen o un vídeo (al menos, no con la configuración predeterminada). Antes de enviar el mensaje al modelo, el software lo edita -a menudo añadiendo docenas de palabras ocultas- para que la imagen generada parezca más pulida. 

""Se añaden cosas extra para exprimir el resultado"", dice Mike Cook, investigador de creatividad computacional del King's College (Londres, Reino Unido). ""Intenta pedirle a Midjou ey que te dé un mal dibujo de algo: no puede hacerlo"". Estas herramientas no te dan lo que quieres, sino lo que sus diseñadores creen que quieres. 

Mike Cook
Cortesía de Mike Cook
Todo esto está muy bien si sólo necesitas una imagen rápida y no te importan demasiado los detalles, dice Nick Bryan-Kinns, también del Creative Computing Institute: ""Quizá quieras hacer una tarjeta de Navidad para tu familia o un folleto para la venta de pasteles de tu comunidad. Estas herramientas son estupendas para eso"". 
En resumen, los modelos generativos existentes han facilitado la creación, pero no han facilitado la creatividad. Y hay una gran diferencia entre ambas cosas. Para el investigador Cook, depender de estas herramientas podría, de hecho, perjudicar el desarrollo creativo de las personas a largo plazo. ""Aunque muchos de estos sistemas de IA creativa se promocionan como una forma de hacer la creatividad más accesible"", escribió en un artículo publicado el año pasado, ""podrían tener efectos negativos sobre los usuarios, limitando su capacidad de innovar, generar ideas y crear"". Que estas herramientas, tan celebradas por poner la creatividad al alcance de todos, puedan terminar logrando lo contrario, es una advertencia seria. 

Captura de pantalla del juego con sierras superpuestas
En el videojuego Disc Room, los jugadores deben moverse dentro de una habitación llena de sierras circulares en movimiento.
Captura de pantalla del juego generado por IA con pequeñas sierras
Cook usó IA para diseñar un nuevo nivel del juego. El resultado fue una habitación en la que, curiosamente, ninguna de las sierras se movía.
Cook no es el único investigador preocupado por el impacto cognitivo de estas tecnologías. En febrero, un equipo de Microsoft Research Cambridge publicó un informe en el que concluía que las herramientas de IA generativa ""pueden inhibir el compromiso crítico con el trabajo y conducir potencialmente a una dependencia excesiva de la herramienta a largo plazo y a una disminución de la habilidad para resolver problemas de forma independiente"". Los investigadores descubrieron que, con el uso de herramientas generativas, el esfuerzo de las personas ""se desplaza de la ejecución de tareas a la administración de tareas"". 
A Cook le preocupa que las herramientas generativas no permiten equivocarse, y eso es clave para aprender nuevas habilidades. Tenemos la costumbre de decir que los artistas ""tienen un don"", explica. Pero la realidad es que los artistas trabajan su arte: desarrollan sus capacidades con práctica, a lo largo de meses y años. 

""Si hablas con artistas de verdad, te dicen: ‘Me volví bueno repitiendo una y otra vez’"", comenta. ""Pero fracasar duele. Y siempre estamos buscando formas de evitarlo."" 

Los modelos generativos nos permiten salta os la frustración de hacer un mal trabajo.  

""Desgraciadamente, estamos eliminando lo único que hay que hacer para desarrollar habilidades creativas por uno mismo, que es fracasar"", dice Cook. ""Pero absolutamente nadie quiere oír eso"". 

Sorpréndeme 

Sin embargo, no todo son malas noticias. Artistas e investigadores están entusiasmados con la forma en que las herramientas generativas pueden ayudar a los creadores, orientándolos hacia nuevas y sorprendentes direcciones y alejándoles de callejones sin salida. Cook cree que la verdadera promesa de la IA será ayuda os a mejorar en lo que queremos hacer en lugar de hacerlo por nosotros. Para ello, dice, necesitaremos crear nuevas herramientas, diferentes de las que tenemos ahora. ""Utilizar Midjou ey no hace nada por mí, no cambia nada de mí"", afirma. ""Y pienso que eso es una oportunidad perdida"". 

Si preguntamos a los investigadores de la creatividad por un elemento clave del proceso creativo, muchos responderán: la reflexión. Es difícil de definir con exactitud, pero la reflexión es un tipo particular de pensamiento centrado y deliberado. Es lo que ocurre cuando se te ocurre una idea nueva. O cuando una suposición resulta ser errónea y hay que replantearse el enfoque. Es lo contrario de una interacción aislada. 

Buscar formas en las que la IA pueda apoyar o fomentar la reflexión -pidiéndole que aporte nuevas ideas a la mezcla o que cuestione las ideas que ya tienes- es un hilo común en toda la investigación sobre cocreatividad. Si herramientas generativas como DALL-E permiten crear sin fricciones, el objetivo aquí es volver a añadir fricciones. ""¿Cómo podemos hacer arte sin fricción?"", se pregunta Elisa Giaccardi, que estudia diseño en la Universidad Politécnica de Milán (Italia). ""¿Cómo podemos participar en un proceso verdaderamente creativo sin un material que nos empuje hacia atrás?"". 

Tomemos el agente de live-coding de Wilson. Ella afirma que este la impulsa a llevar su improvisación musical hacia direcciones que quizás no hubiera explorado por sí misma. Entrenado con código público compartido por la comunidad más amplia de live-coding, el modelo sugiere fragmentos de código más cercanos al estilo de otras personas que al suyo propio. Esto hace que sea más probable que produzca algo inesperado. ""No porque no pudieras hacerlo tú misma"", dice. ""Pero la forma en que funciona el cerebro humano es que tendemos a recurrir a ideas repetidas."" 

El año pasado, Wilson participó en un estudio dirigido por Bryan-Kinns y sus colegas en el que encuestaron a seis músicos experimentados mientras utilizaban diversos modelos generativos para ayudarles a componer una pieza musical. Los investigadores querían saber qué tipo de interacciones con la tecnología resultaban útiles y cuáles no. 

Todos los participantes dijeron que les gustaba cuando los modelos hacían sugerencias sorprendentes, incluso cuando esas eran el resultado de fallos o errores. A veces, los resultados eran simplemente mejores. Otras veces, el proceso se sentía fresco y emocionante. Pero algunos tuvieron dificultades para ceder el control. Les costaba dirigir los modelos para que produjeran resultados específicos o para repetir los que les habían gustado. ""De alguna manera, es como estar en una banda"", comenta Bryan-Kinns. ""Necesitas tener esa sensación de riesgo y sorpresa, pero no quieres que sea totalmente aleatorio."" 

Diseños alte ativos 

Cook aborda la sorpresa desde otro ángulo: busca obtener ideas inesperadas a partir de herramientas de IA que él mismo ha desarrollado para cocrear videojuegos. Una de ellas es Puck, lanzada por primera vez en 2022, que genera diseños de juegos de puzles simples, del estilo Candy Crush o Bejeweled. Muchos de los diseños que crea Puck son experimentales y poco pulidos—no esperes que genere algo que realmente quieras jugar. Pero ese no es el objetivo: Cook utiliza Puck, y otra herramienta más reciente llamada Pixie, para explorar qué tipo de interacción podrían querer tener las personas con una herramienta de creación colaborativa. 

Pixie puede leer el código de un videojuego y modificar algunas líneas para proponer diseños alte ativos. Hace poco, Cook estaba trabajando con una copia de un juego popular llamado Disc Room, en el que los jugadores deben cruzar una sala llena de sierras giratorias en movimiento. Le pidió a Pixie que lo ayudara a diseñar un nivel que resultara igual de difícil tanto para jugadores expertos como para los novatos. La propuesta de Pixie fue una sala donde, curiosamente, ninguna de las sierras se movía. Cook se ríe: no era lo que esperaba. ""Básicamente convirtió la sala en un campo minado"", cuenta. ""Pero me pareció muy interesante. Nunca se me habría ocurrido."" 

Madre Arzberger
Cortesía de Anne Arzberger 
Un unico io relleno y materiales de costura
Cortesía de Anne Arzberger 
 

Rebatir suposiciones o ser cuestionado forma parte del proceso creativo, afirma Anne Arzberger, investigadora de la Universidad Tecnológica de Delft (Países Bajos). ""Si pienso en las personas con las que mejor he colaborado, no son las que se limitan a decir 'Sí, genial' a todas las ideas que les propongo"", afirma. ""Eran realmente críticos y tenían ideas opuestas"". 
Arzberger quiere crear una tecnología que sirva de caja de resonancia. Como parte de un proyecto llamado Creating Monsters , Arzberger desarrolló dos herramientas experimentales de IA que ayudan a los diseñadores a encontrar prejuicios ocultos en sus diseños. ""Me interesaba saber cómo podía utilizar esta tecnología para acceder a información a la que de otro modo sería difícil acceder"", afirma. 

Para el proyecto, ella y sus colegas analizaron el problema de diseñar figuras de juguete que fueran neutras en cuanto al género . Ella y sus colegas (incluido Giaccardi) utilizaron Teachable Machine , una aplicación web creada por investigadores de Google en 2017 que facilita el entrenamiento de tu propio modelo de aprendizaje automático para clasificar diferentes entradas, como imágenes. Entrenaron este modelo con algunas docenas de imágenes que Arzberger había etiquetado como masculinas, femeninas o neutras. 

Luego, Arzberger le pidió al modelo que identificara el género de nuevos diseños de juguetes. Descubrió que varios de ellos eran clasificados como femeninos, incluso cuando ella había intentado que fueran neutrales. Sintió que, de algún modo, sus propias creencias —sus sesgos inconscientes— estaban saliendo a la luz. Pero lo más interesante fue que el modelo muchas veces tenía razón: puso a prueba sus ideas preconcebidas y ayudó al equipo a mejorar los diseños. Según Arzberger, este enfoque podría aplicarse también para evaluar todo tipo de características en el diseño. 

Luego, Arzberger utilizó un segundo modelo, una versión de una herramienta creada por la start-up de imagen y vídeo generativos, Runway, para crear sus propios diseños de juguetes de género neutro. En primer lugar, los investigadores entrenaron al modelo para generar y clasificar diseños de juguetes de aspecto masculino y femenino. A continuación, pudieron pedir a la herramienta que encontrara un diseño que estuviera exactamente a medio camino entre los diseños masculinos y femeninos que había aprendido. 

Los modelos generativos pueden aportar observaciones sobre los diseños que los propios diseñadores humanos podrían pasar por alto, asegura Arzberger. ""Podemos aprender mucho de ellos"", dice. 

Tomar el control 

La historia de la tecnología está llena de avances que transformaron la forma en que se crea arte, desde nuevas fórmulas para obtener colores vibrantes en la pintura hasta la fotografía y los sintetizadores. En los años 60, el investigador de Stanford John Chowning pasó años trabajando en un algoritmo complejo que podía manipular las frecuencias de los sonidos generados por ordenador. Stanford concedió la licencia de la tecnología a Yamaha, que la incorporó a sus sintetizadores - incluido el DX7, el nuevo sonido de moda detrás de éxitos de los 80 como ""The Best"" de Tina Tu er, ""Take On Me"" de A-ha y ""When Doves Cry de Prince. 

Bryan-Kinns está fascinado por cómo los artistas y diseñadores encuentran formas de usar nuevas tecnologías. ""Si hablas con artistas, la mayoría no se refiere a los modelos generativos de IA como una herramienta —hablan de ellos como si fueran un material artístico, como la pintura o la arcilla"", cuenta. ""Es otra manera de pensar qué es lo que hace realmente la IA."" Él destaca cómo algunas personas están llevando esta tecnología a terrenos insospechados, haciéndola hacer cosas raras para las que no fue pensada. Según dice, los artistas suelen apropiarse de estas herramientas y usarlas ""a su manera"", incluso forzándolas o torciéndolas un poco. 

Bryan-Kinns menciona el trabajo de Terence Broad, un colega suyo en el Creative Computing Institute, como uno de sus ejemplos favoritos. Broad utiliza técnicas como el network bending, que consiste en meter capas nuevas dentro de una red neuronal para crear efectos visuales tipo glitch en las imágenes generadas, o entrenar un modelo sin datos directamente, lo que da como resultado manchas de color abstractas que recuerdan a los cuadros de Rothko. 

Pero Broad es un caso extremo. Bryan-Kinns lo resume así: ""El problema es que existe un abismo entre las herramientas generativas muy comerciales, que producen resultados de altísima calidad, pero con muy poco control sobre lo que hacen, y el otro extremo, en el que se tiene un control total sobre lo que hacen, pero las barreras de uso son altas porque hay que ser alguien que se sienta cómodo metiéndose bajo el capó del ordenador"". 

""Es un número muy pequeño de personas"", dice. ""Es un número muy pequeño de artistas"". 

Arzberger admite que trabajar con sus modelos no fue nada sencillo. Ejecutarlos llevaba varias horas, y ni siquiera está segura de que la herramienta de Runway que usó siga disponible. Tanto ella como Bryan-Kinns, Cook y otros investigadores quieren llevar este tipo de interacciones creativas que están descubriendo hacia herramientas que puedan ser utilizadas por personas que no sean programadoras expertas. 

Terence Broad
Cortesía de Terence Broad
imagen de campo de color generada por IA
Cortesía de Terence Broad
 
Encontrar el equilibrio justo entre sorpresa y control no va a ser fácil. Midjou ey, por ejemplo, puede sorprender, pero ofrece muy pocas formas de controlar lo que produce más allá del prompt que se le da. Hay quienes dicen que escribir prompts es, en sí mismo, un acto creativo. ""Pero nadie se pelea con un pincel como se pelea con un prompt"", dice Cook. 

Frente a esa lucha, Cook a veces observa a sus estudiantes conformarse con los primeros resultados que les da una herramienta generativa. ""Me interesa mucho esta idea de que nos estamos preparando para aceptar que lo que salga de un modelo es exactamente lo que pedimos"", comenta. Actualmente, está diseñando un experimento que variará palabras y frases en prompts similares para probar cuán grande es la discrepancia entre lo que la gente espera y lo que realmente obtiene. 

Pero aún es pronto. Mientras tanto, las empresas que desarrollan modelos generativos suelen dar más importancia a los resultados que al proceso. ""Los avances algorítmicos son impresionantes, pero muchas veces se pasa por alto el diseño de la interacción"", afirma Rezwana.   

Para Wilson, la elección crucial en cualquier relación de cocreación es lo que haces con lo que te dan. ""Tienes una relación con el ordenador en la que intentas mediar"", afirma. ""A veces sale mal, y eso forma parte del proceso creativo"".  

Cuando la IA te da limones, haz arte. ""¿No sería divertido tener algo completamente antagónico en una actuación, algo que te llevara la contraria y tuvieras una especie de discusión? Eso sería interesante de ver, al menos"".  
";mit;        
